cnei cycnei cycnei,,,['kykn̪.ejʊs],cycneius,0
138999,,timoneus,a,aps---mn1-,timone timone timone,,,['t̪ɪ.mɔn̪ews],timoneus,0
139006,,lemnius,a,aps---mn1-,lemni lemni lemni,,,['lɛm.n̪ɪ̣.jʊs],lemnius,0
139007,,corsicus,a,aps---mn1-,corsic corsic corsic,,,['kɔr.sɪ.kʊs],corsicus,0
139008,,nerinus,a,aps---mn1-,nerin nerin nerin,,,['n̪ɛ.rɪ.n̪ʊs],nerinus,0
139011,,camertinus,a,aps---mn1-,camertin camertin camertin,,,[ka.'mɛr.t̪ɪ.n̪ʊs],camertinus,0
139010,,oenotrus,a,aps---mn1-,oenotr oenotr oenotr,,,['ojn̪ɔ.t̪rʊs],oenotrus,0
139012,,ardeas,a,aps---an3-,ardat ardat ardat,,,['ar.d̪ɛ̣.jas],ardeas,0
139015,,curionianus,a,aps---mn1-,curionian curionian curionian,,,[kʊ.rɪ̣.jɔ.'n̪ɪ̣.ja.n̪ʊs],curionianus,0
139016,,megalopolitanus,a,aps---mn1-,megalopolitan megalopolitan megalopolitan,,,[mɛ.ga.lɔ.pɔ.'lɪ.t̪a.n̪ʊs],megalopolitanus,0
139017,,heliconius,a,aps---mn1-,heliconi heliconi heliconi,,,[hɛ.lɪ.'kɔ.n̪ɪ̣.jʊs],heliconius,0
139018,,caeres,a,aps---an3-,ceret ceret ceret,,,['kaj.rɛs],caeres,0
139020,,mauortius,a,aps---mn1-,mauorti mauorti mauorti,,,[ma.'wɔr.t̪ɪ̣.jʊs],mauortius,0
139021,,semiplacentinus,a,aps---mn1-,semiplacentin semiplacentin semiplacentin,,,[sɛ.mɪ.pla.'kɛ.n̪t̪ɪ.n̪ʊs],semiplacentinus,0
139022,,october,a,aps---mn1r,octobri octobri octobri,,,['ɔk.t̪ɔ.bɛr],october,0
139024,,aequiculus,a,aps---mn1-,aequicul aequicul aequicul,,,[aj.'kʷɪ.kʊ.lʊs],aequiculus,0
139025,,sacrouirianus,a,aps---mn1-,sacrouirian sacrouirian sacrouirian,,,[sa.krɔ.wɪ.'rɪ̣.ja.n̪ʊs],sacrouirianus,0
139026,,insapiens,a,aps---an3-,insapient insapient insapient,,,[iːn̪.'sa.pɪ̣.jeːn̪s],insapiens,0
139027,,noricus,a,aps---mn1-,noric noric noric,,,['n̪ɔ.rɪ.kʊs],noricus,0
139028,,auerto,v,v1spid--3-,auert auers auers -,,,[a.'wɛr.t̪ɔ],auerto,0
139029,,detergo,v,v1spia--3-,deterg deters deters -,,,[d̪ɛ.'t̪ɛr.gɔ],detergo,0
139031,,illyricus,a,aps---mn1-,illyric illyric illyric,,,[ɪɫ.'ly.rɪ.kʊs],illyricus,0
139032,,fluuidus,a,aps---mn1-,fluuid fluuid fluuid,,,['flʊ.wɪ.d̪ʊs],fluuidus,0
139034,,nouember,a,aps---mn1r,nouembri nouembri nouembri,,,[n̪ɔ.'wɛm.bɛr],nouember,0
139035,,olynthius,a,aps---mn1-,olynthi olynthi olynthi,,,[ɔ.'lyn̪.t̪ʰɪ̣.jʊs],olynthius,0
139036,,cretaeus,a,aps---mn1-,cretae cretae cretae,,,['krɛt̪ews],cretaeus,0
139037,,hellespontius,a,aps---mn1-,hellesponti hellesponti hellesponti,,,[hɛɫ.lɛs.'pɔn̪.t̪ɪ̣.jʊs],hellespontius,0
139038,,redduco,v,v1spia--3-,redduc dux duct,,,['rɛd̪.d̪ʊ.kɔ],redduco,0
139040,,therapnaeus,a,aps---mn1-,therapnae therapnae therapnae,,,['t̪ʰɛ.rapn̪ews],therapnaeus,0
139043,,cyrenensis,a,aps---cn3-,cyrenens cyrenens cyrenens,,,[ky.rɛ.'n̪eːn̪.sɪs],cyrenensis,0
139041,,rutulus,a,aps---mn1-,rutul rutul rutul,,,['rʊ.t̪ʊ.lʊs],rutulus,0
139042,,corfiniensis,a,aps---cn3-,corfiniens corfiniens corfiniens,,,[kɔr.fɪ.n̪ɪ̣.'jeːn̪.sɪs],corfiniensis,0
139044,,simbruinus,a,aps---mn1-,simbruin simbruin simbruin,,,['sɪm.bru.jn̪ʊs],simbruinus,0
139047,,corniculanus,a,aps---mn1-,corniculan corniculan corniculan,,,[kɔr.n̪ɪ.'kʊ.la.n̪ʊs],corniculanus,0
139048,,singiliensis,a,aps---cn3-,singiliens singiliens singiliens,,,[sɪŋ.gɪ.lɪ̣.'jeːn̪.sɪs],singiliensis,0
139049,,apocalo,v,v1spia--1-,apocal apocalau apocalat,,,[a.'pɔ.ka.lɔ],apocalo,0
139050,,inachius,a,aps---mn1-,inachi inachi inachi,,,[ɪ.'n̪a.kʰɪ̣.jʊs],inachius,0
139051,,erebeus,a,aps---mn1-,erebe erebe erebe,,,['ɛ.rɛbews],erebeus,0
139052,,cythereius,a,aps---mn1-,cytherei cytherei cytherei,,,[ky.'t̪ʰɛr.ejʊs],cythereius,0
139054,,misenensis,a,aps---cn3-,misenens misenens misenens,,,[mɪ.sɛ.'n̪eːn̪.sɪs],misenensis,0
139055,,dionaeus,a,aps---mn1-,dionae dionae dionae,,,['d̪ɪ̣.jɔn̪ews],dionaeus,0
138997,,nasidianus,a,aps---mn1-,nasidian nasidian nasidian,,,[n̪a.sɪ.'d̪ɪ̣.ja.n̪ʊs],nasidianus,0
139056,,pallacinus,a,aps---mn1-,pallacin pallacin pallacin,,,[paɫ.'la.kɪ.n̪ʊs],pallacinus,0
139057,,safinianus,a,aps---mn1-,safinian safinian safinian,,,[sa.fɪ.'n̪ɪ̣.ja.n̪ʊs],safinianus,0
139058,,bithynius,a,aps---mn1-,bithyni bithyni bithyni,,,[bɪ.'t̪ʰy.n̪ɪ̣.jʊs],bithynius,0
139060,,atinas,a,aps---an3-,atinat atinat atinat,,,['a.t̪ɪ.n̪as],atinas,0
101291,,inachus,a,aps---mn1-,inach inach inach,,,['ɪ_.n̪a.kʰʊs],inachus,0
139061,,herculeus,a,aps---mn1-,hercule hercule hercule,,,['hɛr.kʊɫews],herculeus,0
138998,,sugamber,a,aps---mn1r,sugambr sugambr sugambr,,,[sʊ.'gam.bɛr],sugamber,0
139104,p3197,praepes,n,n-s---cn3-,praepet,,,['praj.pɛs],praepes,1
138778,a0269,accido,v,v1spia--3-,accid accid accis,,,['ak.kɪ.d̪ɔ],accīdo,0
138815,e1308,excido,v,v1spia--3-,excid excid excis,,,['ɛks.kɪ.d̪ɔ],excīdo,0
138845,l1011,longauo,n,n-s---mn3-,longauon,,,['lɔŋ.ga.wɔ],longauo,0
58710,58710,Antiochenus,a,aps---mn1-,Antiochen Antiochen Antiochen,,,[an̪.t̪ɪ̣.'jɔ.kʰɛ.n̪ʊs],Antiochenus,0
139065,,pallantius,a,aps---mn1-,pallanti pallanti pallanti,,,[paɫ.'lan̪.t̪ɪ̣.jʊs],pallantius,0
139069,,circaeus,a,aps---mn1-,circae circae circae,,,['kɪrkews],circaeus,0
139066,,hectoreus,a,aps---mn1-,hectore hectore hectore,,,['hɛk.t̪ɔrews],hectoreus,0
139068,,drusianus,a,aps---mn1-,drusian drusian drusian,,,[d̪rʊ.'sɪ̣.ja.n̪ʊs],drusianus,0
139125,,indigens,n,n-s---mn3-,indigent,,,['ɪn̪.d̪ɪ.geːn̪s],indigens,0
139071,,lauinus,a,aps---mn1-,lauin lauin lauin,,,['la.wɪ.n̪ʊs],lauinus,0
139073,,ituraeus,a,aps---mn1-,iturae iturae iturae,,,['ɪ.t̪ʊrews],ituraeus,0
139074,,helorius,a,aps---mn1-,helori helori helori,,,[hɛ.'lɔ.rɪ̣.jʊs],helorius,0
139075,,leucadius,a,aps---mn1-,leucadi leucadi leucadi,,,['ɫewka.d̪ɪ̣.jʊs],leucadius,0
139076,,aletrinas,a,aps---an3-,aletrinat aletrinat aletrinat,,,[a.'lɛ.t̪rɪ.n̪as],aletrinas,0
139077,,tegeaeus,a,aps---mn1-,tegeae tegeae tegeae,,,['t̪ɛ.gɛews],tegeaeus,0
139078,,sardus,a,aps---mn1-,sard sard sard,,,['sar.d̪ʊs],sardus,0
139080,,massicus,a,aps---mn1-,massic massic massic,,,['mas.sɪ.kʊs],massicus,0
139081,,ithacensis,a,aps---cn3-,ithacens ithacens ithacens,,,[ɪ.t̪ʰa.'keːn̪.sɪs],ithacensis,0
139093,,indecet,v,v1spia--2-,indec - -,,,['ɪn̪.d̪ɛ.kɛt̪],indecet,0
139082,,commagenus,a,aps---mn1-,commagen commagen commagen,,,[kɔ.'mma.gɛ.n̪ʊs],commagenus,0
139083,,olympicus,a,aps---mn1-,olympic olympic olympic,,,[ɔ.'lym.pɪ.kʊs],olympicus,0
139085,,nestoreus,a,aps---mn1-,nestore nestore nestore,,,['n̪ɛs.t̪ɔrews],nestoreus,0
139086,,hicetaonius,a,aps---mn1-,hicetaoni hicetaoni hicetaoni,,,[hɪ.kɛ.t̪a.'jɔ.n̪ɪ̣.jʊs],hicetaonius,0
139087,,pelasgias,a,aps---an3-,pelasgiad pelasgiad pelasgiad,,,[pɛ.'las.gɪ̣.jas],pelasgias,0
139088,,nysius,a,aps---fn3-,philyrei philyrei philyrei,,,['n̪y.sɪ̣.jʊs],nysius,0
139089,,cappadox,a,aps---an3-,cappadc cappadc cappadc,,,['kap.pa.d̪ɔks],cappadox,0
139090,,recentoricus,a,aps---mn1-,recentoric recentoric recentoric,,,[rɛ.kɛn̪.'t̪ɔ.rɪ.kʊs],recentoricus,0
139091,,pigror,v,v1spid--1-,pigr pigrat -,,,['pɪ.grɔr],pigror,0
139092,,succipio,v,v1spia--3i,succip cep cept,,,[sʊk.'kɪ.pɪ̣.jɔ],succipio,0
139095,,olympiacus,a,aps---mn1-,olympiac olympiac olympiac,,,[ɔ.lym.'pɪ̣.ja.kʊs],olympiacus,0
139096,,hastensis,a,aps---cn3-,hastens hastens hastens,,,[has.'t̪eːn̪.sɪs],hastensis,0
139098,,picentinus,a,aps---mn1-,picentin picentin picentin,,,[pɪ.'kɛn̪.t̪ɪ.n̪ʊs],picentinus,0
139099,,porgo,v,v1spia--3-,porg pors porrect,,,['pɔr.gɔ],porgo,0
139101,,teutoburgiensis,a,aps---cn3-,teutoburgiens teutoburgiens teutoburgiens,,,[t̪ewt̪ɔ.bʊr.gɪ̣.'jeːn̪.sɪs],teutoburgiensis,0
139102,,phineus,a,aps---mn1-,phine phine phine,,,['pʰɪn̪ews],phineus,0
139103,,oronteus,a,aps---mn1-,oronte oronte oronte,,,['ɔ.rɔn̪t̪ews],oronteus,0
139105,,unus,n,n-s---mn2-,un,,,['uː.n̪ʊs],unus,0
139106,,pharos,n,n-s---mn2g,phar,,,['pʰa.rɔs],pharos,0
139108,,asturco,n,n-s---mn3-,asturcon,,,[as.'t̪ʊr.kɔ],asturco,0
139109,,lamyrus,n,n-s---mn2-,lamyr,,,['la.my.rʊs],lamyrus,0
139111,,reliqua,n,n-p---nn2-,reliqu,,,['rɛ.lɪ.kʷa],reliqua,0
139112,,circenses,n,n-p---mn3i,circens,,,[kɪr.'keːn̪.sɛs],circenses,0
139113,,externi,n,n-p---mn2-,extern,,,[ɛks.'t̪ɛr.n̪iː],externi,0
139114,,babylonicum,n,n-s---nn2-,babylonic,,,[ba.by.'lɔ.n̪ɪ.kũː],babylonicum,0
139116,,sensatio,n,n-s---fn3-,sensation,,,[seːn̪.'sa.t̪ɪ̣.jɔ],sensatio,0
139119,,anceps,n,n-s---nn3-,ancipit,,,['aŋ.kɛps],anceps,0
139120,,remota,n,n-p---nn2-,remot,,,[rɛ.'moː.t̪a],remota,0
139121,,peccans,n,n-s---mn3-,peccant,,,['pɛk.kaːn̪s],peccans,0
139122,,caryatis,n,n-s---fn3-,caryatid,,,[ka.'ry.ja.t̪ɪs],caryatis,0
139124,,cynicus,n,n-s---mn2-,cynic,,,['ky.n̪ɪ.kʊs],cynicus,0
139118,,sons,n,n-s---mn3-,sont,,,,sons,0
139126,,tentum,n,n-s---nn2-,tent,,,['t̪ɛn̪.t̪ũː],tentum,0
139117,,stoica,n,n-p---nn2-,stoic,,,['st̪ɔ.jɪ.ka],stoica,0
139064,,squalens,a,aps---an3-,squalent squalent squalent,,,['skʷa.ɫeːn̪s],squalens,0
139063,,phryxianus,a,aps---mn1-,phryxian phryxian phryxian,,,[pʰryk.'sɪ̣.ja.n̪ʊs],phryxianus,0
139072,,eleusinus,a,aps---mn1-,eleusin eleusin eleusin,,,['ɛɫew.sɪ.n̪ʊs],eleusinus,0
59547,59547,Concordia,n,n-s---fn1-,Concordi,,,[kɔŋ.'kɔr.d̪ɪ̣.ja],Concordia,0
59843,59843,Elateïus,a,aps---mn1-,Elateï Elateï Elateï,,,[ɛ.'la.t̪ɛ./us],Elateïus,0
59979,59979,Falcidius,a,aps---mn1-,Falcidi Falcidi Falcidi,,,[faɫ.'kɪ.d̪ɪ̣.jʊs],Falcidius,0
60182,60182,Heracleotes,a,app---mn3-,Heracleotes Heracleotes Heracleotes,,,[hɛ.ra.'klɛ̣.jɔ.t̪ɛs],Heracleotes,0
60438,60438,Iunianus,a,aps---mn1-,Iunian Iunian Iunian,,,[jʊ.'n̪ɪ̣.ja.n̪ʊs],Iunianus,0
61763,61763,Pterophoros,n,n-s---mn2-,Pterophor,,,[pt̪ɛ.'rɔ.pʰɔ.rɔs],Pterophoros,0
61875,61875,Rusellae,n,n-p---fn1-,Rusell,,,[rʊ.'sɛɫ.laj],Rusellae,0
62298,62298,Syra,n,n-s---fn1-,Syr,,,['sy.ra],Syra,0
62303,62303,Syrinx,n,n-s---mn3-,Syrinx,,,['sy.rɪŋks],Syrinx,0
62461,62461,Thesaurochrysonicochrysides,n,n-s---mn3-,Thesaurochrysonicochrysid,,,[t̪ʰɛ.saw.rɔ.kʰry.sɔ.n̪ɪ.kɔ.'kʰry.sɪ.d̪ɛs],Thesaurochrysonicochrysides,0
62576,62576,Triarius,n,n-s---mn2-,Triari,,,[t̪rɪ̣.'ja.rɪ̣.jʊs],Triarius,0
139127,$0004,libesco,v,v1spia--3-,libesc - -,,,,libesco,0
139128,$0006,deticeo,v,v1spia--2-,detic deticu deticit,,,,deticeo,1
139097,,Picenus,a,aps---mn1-,Picen Picen Picen,,,,Picenus,0
139131,,re,r,rp--------,-,,,,re,0
137546,p0044,paedonomus,n,n-s---mn2-,paedonom,,,[paj.'d̪ɔ.n̪ɔ.mʊs],paedonomus,0
137550,p0098,paenularius,a,aps---mn1-,paenulari paenulari paenulari,,,[paj.n̪ʊ.'la.rɪ̣.jʊs],paenularius,0
137561,p0212,pandicularis,a,aps---cn3i,pandicular pandicular pandicular,,,[pan̪.d̪ɪ.'kʊ.la.rɪs],pandicularis,0
137570,p0297,paracharaxima,n,n-p---nn2-,paracharaxim,,,[pa.ra.kʰa.'rak.sɪ.ma],paracharaxima,0
137578,p0311,paranarhinon,n,n-s---nn2g,paranarhin,,,[pa.ra.'n̪a.rɪ.n̪ɔn̪],paranarhinon,0
137632,p1022,perdissipo,v,v1spia--1-,perdissip perdissipau perdissipat,,,[pɛr.'d̪ɪs.sɪ.pɔ],perdissipo,0
137640,p1220,perignarus,a,aps---mn1-,perignar perignar perignar,,,[pɛ.'rɪŋ.n̪a.rʊs],perignarus,0
137642,p1249,perintempestiuus,a,aps---mn1-,perintempestiu perintempestiu perintempestiu,,,[pɛ.rɪn̪.t̪ɛm.'pɛs.t̪ɪ.wʊs],perintempestiuus,0
137644,p1262,periphoretus,n,n-s---mn2-,periphoret,,,[pɛ.rɪ.'pʰɔ.rɛ.t̪ʊs],periphoretus,0
137646,p1278,peristereos,n,n-s---nn2g,peristere,,,[pɛ.rɪs.'t̪ɛ.rɛ̣.jɔs],peristereos,0
137647,p1287,peritretos,a,aps---cn1g,peritret peritret peritret,,,[pɛ.'rɪ.t̪rɛ.t̪ɔs],peritretos,0
137583,p0384,parentalicius,a,aps---mn1-,parentalici parentalici parentalici,,,[pa.rɛn̪.t̪a.'lɪ.kɪ̣.jʊs],parentalicius,0
137592,p0532,pastophorus,n,n-s---mn2-,pastophor,,,[pas.'t̪ɔ.pʰɔ.rʊs],pastophorus,0
137584,p0392,parergion,n,n-s---nn2g,parergi,,,[pa.'rɛr.gɪ̣.jɔn̪],parergion,0
137667,p1833,pezica,n,n-s---fn1-,pezic,,,['pɛz.zɪ.ka],pezica,0
137669,p1855,phancla,n,n-s---fn1-,phancl,,,['pʰaŋ.kla],phancla,0
137670,p1873,phaselion,n,n-s---nn2g,phaseli,,,[pʰa.'sɛ.lɪ̣.jɔn̪],phaselion,0
137671,p1876,phasganon,n,n-s---nn2g,phasgan,,,['pʰas.ga.n̪ɔn̪],phasganon,0
137672,p1878,phasianarius,n,n-s---mn2-,phasianari,,,[pʰa.sɪ̣.ja.'n̪a.rɪ̣.jʊs],phasianarius,0
137724,p2449,polentacius,a,aps---mn1-,polentaci polentaci polentaci,,,[pɔ.lɛn̪.'t̪a.kɪ̣.jʊs],polentacius,0
137718,p9868,polia,n,n-s---fn1-,poli,,,['pɔ.lɪ̣.ja],pōlīa,0
137725,p2452,poliaris,a,aps---cn3i,poliar poliar poliar,,,[pɔ.'lɪ̣.ja.rɪs],poliaris,0
137727,p2474,pollino,v,v1spia--1-,pollin pollinau pollinat,,,['pɔɫ.lɪ.n̪ɔ],pollino,0
137728,p9889,polluctus,n,n-s---mn4-,polluct,,,[pɔɫ.'lʊk.t̪ʊs],polluctus,0
137729,p2491,polybutes,n,n-s---mn1g,polybut,,,[pɔ.'ly.bʊ.t̪ɛs],polybutes,0
137731,p2497,polygona,n,n-s---fn1-,polygon,,,[pɔ.'ly.gɔ.n̪a],polygona,0
137730,p2501,polygonium,n,n-s---nn2-,polygoni,,,[pɔ.ly.'gɔ.n̪ɪ̣.jũː],polygōnium,0
137734,p2503,polyhistor,n,n-s---mn3-,polyhistor,,,[pɔ.ly.'hɪs.t̪ɔr],polyhistor,0
137732,p2501,polygonos,a,aps---cn1g,polygon polygon polygon,,,[pɔ.'ly.gɔ.n̪ɔs],polygonos,0
137736,p2505,polymetra,n,n-p---nn2-,polymetr,,,[pɔ.'ly.mɛ.t̪ra],polymetra,0
137829,p4493,pultiphagus,a,aps---mn1-,pultiphag pultiphag pultiphag,,,['pʊɫ.t̪ɪ.pʰagʷs],pultiphagus,0
137837,p4656,pyrophoros,n,n-s---mn2g,pyrophor,,,[py.'rɔ.pʰɔ.rɔs],pyrophoros,0
137844,q0034,quadrifinia,n,n-s---fn1-,quadrifini,,,[kʷa.d̪rɪ.'fɪ.n̪ɪ̣.ja],quadrifinia,0
137787,p2499,proceleumaticus,a,aps---mn1-,proceleumatic proceleumatic proceleumatic,,,[prɔ.kɛɫew.'ma.t̪ɪ.kʊs],proceleumaticus,0
137868,q0300,quodetsi,r,rp--------,	,,,[kʷɔ.'d̪ɛt̪.sɪ],quodetsi,0
137849,q0070,quadriporticus,n,n-s---fn4-,quadriportic,,,[kʷa.d̪rɪ.'pɔ.rt̪ɪ.kʊs],quadriporticus,0
137882,r7031,reiecta,n,n-p---nn2-,reiect,,,['rejɛk.t̪a],reiecta,0
137850,q0076,quadriuialis,a,aps---cn3i,quadriuial quadriuial quadriuial,,,[kʷa.d̪rɪ̣.'jʊ.jja.lɪs],quadriuialis,0
137896,r0714,ridicularis,a,aps---cn3i,ridicular ridicular ridicular,,,[rɪ.d̪ɪ.'kʊ.la.rɪs],ridicularis,0
137958,s0627,scholarius,a,aps---mn1-,scholari scholari scholari,,,[skʰɔ.'la.rɪ̣.jʊs],scholarius,0
137967,s0757,scriblitarius,n,n-s---mn2-,scriblitari,,,[skrɪ.blɪ.'t̪a.rɪ̣.jʊs],scriblitarius,0
137973,s0841,scytalosagittipelliger,n,n-s---mn2r,scytalosagittipelliger,,,[sky.t̪a.lɔ.sa.gɪt̪.t̪ɪ.'pɛɫ.lɪ.gɛr],scytalosagittipelliger,0
138000,s1304,septimontialis,a,aps---cn3i,septimontial septimontial septimontial,,,[sɛp.t̪ɪ.mɔn̪.'t̪ɪ̣.ja.lɪs],septimontialis,0
138010,s1391,serpentigena,n,n-s---mn1-,serpentigen,,,[sɛr.pɛn̪.'t̪ɪ.gɛ.n̪a],serpentigena,0
138017,s1500,sesuuium,n,n-s---nn2-,sesuui,,,[sɛ.'sʊ.jʊ.jũː],sesuuium,0
138024,s8575,sicilicisso,v,v1spia--1-,siciliciss sicilicissau sicilicissat,,,[sɪ.kɪ.lɪ.'kɪs.sɔ],sicilicisso,0
138032,s1691,siminus,a,aps---mn1-,simin simin simin,,,['sɪ.mɪ.n̪ʊs],siminus,0
138040,s8782,sirius,n,n-s---mn2-,siri,,,['sɪ.rɪ̣.jʊs],sirius,0
137981,s0956,seiromastes,n,n-s---mn1g,seiromast,,,[sejrɔ.'mas.t̪ɛs],seiromastes,0
138083,s2241,spleniolum,n,n-s---nn2-,spleniol,,,[splɛ.'n̪ɪ̣.jɔ.ɫũː],spleniolum,0
138090,s2377,staphyle,n,n-s---fn1g,staphyl,,,['st̪a.pʰy.lɛ],staphyle,0
138091,s2382,statanus,a,aps---mn1-,statan statan statan,,,['st̪a.t̪a.n̪ʊs],statanus,0
138108,s2620,stromateus,a,aps---mn1-,stromate stromate stromate,,,['st̪rɔ.mat̪ews],stromateus,0
138115,s2778,subcaluus,a,aps---mn1-,subcalu subcalu subcalu,,,[sʊb.'ka.lʊ.jʊs],subcaluus,0
138150,s3348,sufferus,a,aps---mn1-,suffer suffer suffer,,,['sʊf.fɛ.rʊs],sufferus,0
138156,s6335,suidum,n,n-s---nn2-,suid,,,['suj.d̪ũː],suidum,0
138161,s3434,sulpurosus,a,aps---mn1-,sulpuros sulpuros sulpuros,,,[sʊɫ.'pʊ.rɔ.sʊs],sulpurosus,0
138173,s3933,symplectos,a,aps---cn1g,symplect symplect symplect,,,['sym.plɛ.kt̪ɔs],symplectos,0
138117,s2816,subdiligenter,r,rp--------,	,,,[sʊb.d̪ɪ.lɪ.'gɛn̪.t̪ɛr],subdiligenter,0
138234,t0563,theophorus,n,n-s---mn2-,theophor,,,[t̪ʰɛ̣.'jɔ.pʰɔ.rʊs],theophorus,0
138244,t0633,thryselinum,n,n-s---nn2-,thryselin,,,[t̪ʰry.'sɛ.lɪ.n̪ũː],thryselinum,0
138182,s4012,syrtites,n,n-s---mn1g,syrtit,,,['syr.t̪ɪ.t̪ɛs],syrtites,0
138271,t0991,transdanuuianus,a,aps---mn1-,transdanuuian transdanuuian transdanuuian,,,[t̪raːn̪s.d̪a.n̪ʊ.'jʊj.ja.n̪ʊs],transdanuuianus,0
138277,t1091,transtigritanus,a,aps---mn1-,transtigritan transtigritan transtigritan,,,[t̪raːn̪s.t̪ɪ.'grɪ.t̪a.n̪ʊs],transtigritanus,0
138288,t1180,tribunarium,n,n-s---nn2-,tribunari,,,[t̪rɪ.bʊ.'n̪a.rɪ̣.jũː],tribunarium,0
138296,t1289,triliciarius,n,n-s---mn2-,triliciari,,,[t̪rɪ.lɪ.kɪ̣.'ja.rɪ̣.jʊs],triliciarius,0
138304,t1363,tripunctum,n,n-s---nn2-,tripunct,,,[t̪rɪ.'pʊŋk.t̪ũː],tripunctum,0
138313,t1432,trochiscilus,n,n-s---mn2-,trochiscil,,,[t̪rɔ.'kʰɪs.kɪ.lʊs],trochiscilus,0
138364,u0427,uersicapillus,a,aps---mn1-,uersicapill uersicapill uersicapill,,,[wɛr.sɪ.ka.'pɪɫ.lʊs],uersicapillus,0
138370,u0532,ueterinaria,n,n-s---fn1-,ueterinari,,,[wɛ.t̪ɛ.rɪ.'n̪a.rɪ̣.ja],ueterinaria,0
138379,u0679,uinaciolus,a,aps---mn1-,uinaciol uinaciol uinaciol,,,[wɪ.n̪a.'kɪ̣.jɔ.lʊs],uinaciolus,0
138434,u1303,ususcapio,n,n-s---fn3-,ususcapion,,,[ʊ.sʊs.'ka.pɪ̣.jɔ],ususcapio,0
138447,z0052,zygius,a,aps---mn1-,zygi zygi zygi,,,['zy.gɪ̣.jʊs],zygius,0
138392,u9884,ultimulus,a,aps---mn1-,ultimul ultimul ultimul,,,[ʊɫ.'t̪ɪ.mʊ.lʊs],ultimulus,0
138457,s3579,superinligo,v,v1spia--1-,superinlig superinligau superinligat,,,[sʊ.pɛ.'rɪ.n̪lɪ.gɔ],superinligo,0
138507,$0040,attingibilis,a,aps---cn3i,attingibil attingibil attingibil,,,[at̪.t̪ɪŋ.'gɪ.bɪ.lɪs],attingibilis,0
138501,$0032,mitigabilis,a,aps---cn3i,mitigabil mitigabil mitigabil,,,[mɪ.t̪ɪ.'ga.bɪ.lɪs],mitigabilis,0
138511,$0044,claudibilis,a,aps---cn3i,claudibil claudibil claudibil,,,[klaw.'d̪ɪ.bɪ.lɪs],claudibilis,0
138477,p8264,peripleumonicus,n,n-s---mn2-,peripleumonic,,,[pɛ.rɪpɫew.'mɔ.n̪ɪ.kʊs],peripleumonicus,0
138541,$0079,inuentibilis,a,aps---cn3i,inuentibil inuentibil inuentibil,,,[ɪ.n̪ʊ.jɛn̪.'t̪ɪ.bɪ.lɪs],inuentibilis,0
138570,$0115,adhortatorius,a,aps---mn1-,adhortatori adhortatori adhortatori,,,[ad̪.hɔr.t̪a.'t̪ɔ.rɪ̣.jʊs],adhortatorius,0
138549,$0090,refrenabilis,a,aps---cn3i,refrenabil refrenabil refrenabil,,,[rɛf.rɛ.'n̪a.bɪ.lɪs],refrenabilis,0
138534,$0070,exsatiabilis,a,aps---cn3i,exsatiabil exsatiabil exsatiabil,,,[ɛks.sa.t̪ɪ̣.'ja.bɪ.lɪs],exsatiabilis,0
138519,$0054,discriminabilis,a,aps---cn3i,discriminabil discriminabil discriminabil,,,[d̪ɪs.krɪ.mɪ.'n̪a.bɪ.lɪs],discriminabilis,0
138602,$0163,arratus,a,aps---mn1-,arrat arrat arrat,,,['ar.ra.t̪ʊs],arratus,0
138607,$0173,cineratus,a,aps---mn1-,cinerat cinerat cinerat,,,[kɪ.'n̪ɛ.ra.t̪ʊs],cineratus,0
139132,,dis,r,rp--------,,,,,dis,0
139136,,dummodo,r,rp--------,-,,,,dummodo,0
138587,$0135,miraculosus,a,aps---mn1-,miraculos miraculos miraculos,,,[mɪ.ra.'kʊ.lɔ.sʊs],miraculosus,0
138579,$0126,prognarus,a,aps---mn1-,prognar prognar prognar,,,['prɔŋ.n̪a.rʊs],prognarus,0
134796,n0272,nicator,n,n-s---mn3-,nicator,,,['n̪ɪ.ka.t̪ɔr],nicator,0
133391,a0056,abietalis,a,aps---cn3i,abietal abietal abietal,,,[a.bɪ̣.'jɛ.t̪a.lɪs],abietalis,0
133410,a9584,adiectiuum,n,n-s---nn2-,adiectiu,,,[a.d̪ɪ̣.'jɛk.t̪ɪ.wũː],adiectiuum,0
133411,a0672,admissionalis,a,aps---cn3i,admissional admissional admissional,,,[a.d̪mɪ.ssɪ̣.'jɔ.n̪a.lɪs],admissionalis,0
133434,a1073,affectionalis,a,aps---cn3i,affectional affectional affectional,,,[af.fɛk.t̪ɪ̣.'jɔ.n̪a.lɪs],affectionalis,0
133435,a1080,affestino,v,v1spia--1-,affestin affestinau affestinat,,,[af.'fɛs.t̪ɪ.n̪ɔ],affestino,0
133436,a1083,affictio,n,n-s---fn3-,affiction,,,[af.'fɪk.t̪ɪ̣.jɔ],affictio,0
133437,a1086,affiliatio,n,n-s---fn3-,affiliation,,,[af.fɪ.lɪ̣.'ja.t̪ɪ̣.jɔ],affiliatio,0
133438,a8924,affixa,n,n-p---nn2-,affix,,,[af.'fiːk.sa],affixa,0
133439,a8097,afflatorius,a,aps---mn1-,afflatori afflatori afflatori,,,[aff.la.'t̪ɔ.rɪ̣.jʊs],afflatorius,0
133440,a8101,afflictim,r,rp--------,	,,,['aff.lɪkt̪ĩː],afflictim,0
133441,a1103,afflictrix,n,n-s---fn3-,afflictric,,,[aff.'lɪk.t̪rɪks],afflictrix,0
133443,a1110,affluxio,n,n-s---fn3-,affluxion,,,[aff.'lʊk.sɪ̣.jɔ],affluxio,0
138638,$0214,sororinus,a,aps---mn1-,sororin sororin sororin,,,[sɔ.'rɔ.rɪ.n̪ʊs],sororinus,0
134762,m0299,murrinum,n,n-s---nn2-,murrin,,,['mʊr.rɪ.n̪ũː],murrinum,0
134763,m1806,musarius,n,n-s---mn2-,musari,,,[mʊ.'sa.rɪ̣.jʊs],musarius,0
134767,m1823,musico,v,v1spia--1-,music musicau musicat,,,['mʊ.sɪ.kɔ],musico,0
134770,m1860,mutinus,a,aps---mn1-,mutin mutin mutin,,,['mʊ.t̪ɪ.n̪ʊs],mutinus,0
133455,a1212,agonius,a,aps---mn1-,agoni agoni agoni,,,[a.'gɔ.n̪ɪ̣.jʊs],agonius,0
133460,a1280,albatus,n,n-s---mn2-,albat,,,['aɫ.ba.t̪ʊs],albatus,0
133449,a1153,agglutinatio,n,n-s---fn3-,agglutination,,,[ag.glʊ.t̪ɪ.'n̪a.t̪ɪ̣.jɔ],agglutinatio,0
133461,a3721,albeus,a,aps---mn1-,albe albe albe,,,['aɫbews],albeus,0
133462,a3722,alcaicus,a,aps---mn1-,alcaic alcaic alcaic,,,[aɫ.'ka.jɪ.kʊs],alcaicus,0
133465,a1320,alcyone,n,n-s---fn1g,alcyon,,,[aɫ.'ky.jɔ.n̪ɛ],alcyone,0
133466,a3707,alectoros,a,aps---cn1g,alector alector alector,,,[a.'lɛk.t̪ɔ.rɔs],alectoros,0
133468,a1344,algosa,n,n-p---nn2-,algos,,,['aɫ.gɔ.sa],algosa,0
133470,a1387,allacto,v,v1spia--1-,allact allactau allactat,,,[aɫ.'lak.t̪ɔ],allacto,0
133472,a1396,allectio,n,n-s---fn3-,allection,,,[aɫ.'lɛk.t̪ɪ̣.jɔ],allectio,0
133474,a1411,alleuaticius,a,aps---mn1-,alleuatici alleuatici alleuatici,,,[aɫɫ.ewa.'t̪ɪ.kɪ̣.jʊs],alleuaticius,0
133476,a1431,allocutor,n,n-s---mn3-,allocutor,,,[aɫ.'lɔ.kʊ.t̪ɔr],allocutor,0
133477,a1438,alluctamentum,n,n-s---nn2-,alluctament,,,[aɫ.lʊk.t̪a.'mɛn̪.t̪ũː],alluctamentum,0
133479,a1458,alochos,n,n-s---fn2g,aloch,,,['a.lɔ.kʰɔs],alochos,0
133480,a1473,alsiosi,n,n-p---mn2-,alsios,,,[aɫ.'sɪ̣.jɔ.sɪ],alsiosi,0
133482,a9939,altercatim,r,rp--------,	,,,[aɫ.'t̪ɛr.kat̪ĩː],altercatim,0
133484,a1551,aluminosa,n,n-p---nn2-,aluminos,,,[a.lʊ.'mɪ.n̪ɔ.sa],aluminosa,0
133485,a1555,aluta,n,n-s---fn1-,alut,,,['a.lʊ.t̪a],aluta,0
133487,a1599,amatrix,n,n-s---fn3-,amatric,,,['a.ma.t̪rɪks],amatrix,0
133488,a1601,amaurosis,n,n-s---fn3i,amauros,,,[a.'maw.rɔ.sɪs],amaurosis,0
133490,a1610,ambe,r,rp--------,	,,,['am.bɛ],ambe,0
133492,a8630,ambitrebius,a,aps---mn1-,ambitrebi ambitrebi ambitrebi,,,[am.bɪ.'t̪rɛ.bɪ̣.jʊs],ambitrebius,0
133494,a1683,amicosus,n,n-s---mn2-,amicos,,,[a.'mɪ.kɔ.sʊs],amicosus,0
133495,a1692,amito,v,v1spia--1-,amit amitau amitat,,,['a.mɪ.t̪ɔ],amito,0
133496,a1703,amnigena,n,n-s---mn1-,amnigen,,,[am.'n̪ɪ.gɛ.n̪a],amnigena,0
133498,a1749,amphispora,n,n-p---nn2-,amphispor,,,[am.'pʰɪs.pɔ.ra],amphispora,0
133500,a1800,amusos,a,aps---cn1g,amus amus amus,,,['a.mʊ.sɔs],amusos,0
133502,a1810,amygdaloides,n,n-s---mn1g,amygdaloid,,,[a.myg.d̪a.'lɔ.jɪ.d̪ɛs],amygdaloides,0
133506,a1853,anagnorizomene,n,n-s---fn1g,anagnorizomen,,,[a.n̪aŋ.n̪ɔ.rɪz.'zɔ.mɛ.n̪ɛ],anagnorizomene,0
133508,a1876,anapauomenos,n,n-s---mn2g,anapauomen,,,[a.n̪a.pa.'wɔ.mɛ.n̪ɔs],anapauomenos,0
133510,a9977,anathema,n,n-s---nn3-,anathemat,,,[a.'n̪a.t̪ʰɛ.ma],anathēma,0
133512,a1904,anatomici,n,n-p---mn2-,anatomic,,,[a.n̪a.'t̪ɔ.mɪ.kɪ],anatomici,0
133513,a1907,ancaesus,a,aps---mn1-,ancaes ancaes ancaes,,,[aŋ.'kaj.sʊs],ancaesus,0
139134,,ambo,a,app---mn1-,amb amb amb,,,,ambo,1
133459,,alarii,n,n-p---mn2-,alari,,,[a.'la.rɪ̣.jɪ],alarii,0
133517,a1999,angulatilis,a,aps---cn3i,angulatil angulatil angulatil,,,[aŋ.'gʷla.t̪ɪ.lɪs],angulatilis,0
133520,a2048,anisocycli,n,n-p---mn2-,anisocycl,,,[a.n̪ɪ.'sɔ.ky.klɪ],anisocycli,0
133522,a2064,annonarius,n,n-s---mn2-,annonari,,,[an̪.n̪ɔ.'n̪a.rɪ̣.jʊs],annonarius,0
133525,a2100,anserina,n,n-s---fn1-,anserin,,,[aːn̪.sɛ.'riː.n̪a],anserina,0
133526,a2112,anteambulo,v,v1spia--1-,anteambul anteambulau anteambulat,,,[an̪.t̪ɛ̣.'jam.bʊ.lɔ],anteambulo,0
133528,a7126,antefactus,a,aps---mn1-,antefact antefact antefact,,,[an̪.t̪ɛ.'fak.t̪ʊs],antefactus,0
133530,a7132,antegestus,a,aps---mn1-,antegest antegest antegest,,,[an̪.t̪ɛ.'gɛs.t̪ʊs],antegestus,0
133531,a2151,antemna,n,n-s---fn1-,antemn,,,[an̪.'t̪ɛm.n̪a],antemna,0
133533,a2170,anteris,n,n-s---fn3i,anter,,,['an̪.t̪ɛ.rɪs],anteris,0
133534,a3728,anthologia,n,n-s---fn1-,anthologi,,,[an̪.t̪ʰɔ.'lɔ.gɪ̣.ja],anthologia,0
133537,a2220,antichristus,n,n-s---mn2-,antichrist,,,[an̪.'t̪ɪ.kʰrɪ.st̪ʊs],antichristus,0
133539,a3726,antiphora,n,n-s---fn1-,antiphor,,,[an̪.'t̪ɪ.pʰɔ.ra],antiphora,0
133540,a2247,antiquaris,a,aps---cn3i,antiquar antiquar antiquar,,,[an̪.'t̪ɪ.kʷa.rɪs],antiquaris,0
133541,a2273,antithetus,a,aps---mn1-,antithet antithet antithet,,,[an̪.'t̪ɪ.t̪ʰɛ.t̪ʊs],antithetus,0
133542,a2280,antra,n,n-s---fn1-,antr,,,['an̪.t̪ra],antra,0
133543,a2304,anympha,n,n-s---fn1-,anymph,,,[a.'n̪ym.pʰa],anympha,0
133544,a3729,aonius,a,aps---mn1-,aoni aoni aoni,,,[a.'jɔ.n̪ɪ̣.jʊs],aonius,0
133546,a2316,apelassonos,r,rp--------,	,,,[a.pɛ.'las.sɔ.n̪ɔs],apelassonos,0
133548,a2343,aphrodisiacus,a,aps---mn1-,aphrodisiac aphrodisiac aphrodisiac,,,[a.pʰrɔ.d̪ɪ.'sɪ̣.ja.kʊs],aphrodisiacus,0
133549,a2366,apios,n,n-s---fn2g,api,,,['a.pɪ̣.jɔs],apios,0
133448,a1143,aggeniculatio,n,n-s---fn3-,aggeniculation,,,[ag.gɛ.n̪ɪ.kʊ.'la.t̪ɪ̣.jɔ],aggeniculatio,0
133564,a2606,aquilentana,n,n-p---nn2-,aquilentan,,,[a.kʷɪ.'lɛn̪.t̪a.n̪a],aquilentana,0
133565,a2614,aquilonia,n,n-p---nn2-,aquiloni,,,[a.kʷɪ.'loː.n̪ɪ̣.ja],aquilonia,0
133566,a2616,aquilonigena,n,n-s---cn1-,aquilonigen,,,[a.kʷɪ.lɔ.'n̪ɪ.gɛ.n̪a],aquilonigena,0
133568,a2998,aratia,n,n-s---fn1-,arati,,,[a.'ra.t̪ɪ̣.ja],aratia,0
133570,a2679,arcelaca,n,n-s---fn1-,arcelac,,,[ar.'kɛ.la.ka],arcelaca,0
133572,a3731,archigenius,n,n-s---mn2-,archigeni,,,[ar.kʰɪ.'gɛ.n̪ɪ̣.jʊs],archigenius,0
133775,c4223,clibanara,n,n-s---fn1-,clibanar,,,[klɪ.'ba.n̪a.ra],clibanara,0
133783,c4428,collegiarius,n,n-s---mn2-,collegiari,,,[kɔɫ.lɛ.gɪ̣.'ja.rɪ̣.jʊs],collegiarius,0
133792,c4549,commanipularius,n,n-s---mn2-,commanipulari,,,[kɔ.mma.n̪ɪ.pʊ.'la.rɪ̣.jʊs],commanipularius,0
133808,c3292,confoeditus,a,aps---mn1-,confoedit confoedit confoedit,,,['kɔːn̪fojd̪ɪ.t̪ʊs],confoeditus,0
133814,c3511,consentiua,n,n-s---fn1-,consentiu,,,['kɔːn̪sɛn̪.t̪ɪ.wa],consentiua,0
133825,c3557,conuulsa,n,n-p---nn2-,conuuls,,,[kɔ.n̪ʊ.'jʊɫ.sa],conuulsa,0
133842,c4365,crisimos,n,n-s---nn2g,crisim,,,['krɪ.sɪ.mɔs],crisimos,0
134805,n0468,noctulucus,a,aps---mn1-,noctuluc noctuluc noctuluc,,,[n̪ɔk.'t̪ʊ.lʊ.kʊs],noctulucus,0
133955,d2329,duocimanus,n,n-s---mn2-,duociman,,,[d̪ʊ.jɔ.'kɪ.ma.n̪ʊs],duocimanus,0
133858,c4724,curstrix,n,n-s---fn3-,curstric,,,['kʊrs.t̪rɪks],curstrix,0
134003,e0464,eministratio,n,n-s---fn3-,eministration,,,[ɛ.mɪ.n̪ɪs.'t̪ra.t̪ɪ̣.jɔ],eministratio,0
134016,e0578,encrinomenos,a,aps---cn1g,encrinomen encrinomen encrinomen,,,[ɛŋ.krɪ.'n̪ɔ.mɛ.n̪ɔs],encrinomenos,0
134025,e0630,enterocelicus,a,aps---mn1-,enterocelic enterocelic enterocelic,,,[ɛn̪.t̪ɛ.rɔ.'kɛ.lɪ.kʊs],enterocelicus,0
134047,e0786,epithyusa,n,n-s---fn1-,epithyus,,,[ɛ.pɪ.'t̪ʰy.jʊ.sa],epithyusa,0
134056,e0825,equiliolus,n,n-s---mn2-,equiliol,,,[ɛ.kʷɪ.'lɪ̣.jɔ.lʊs],equiliolus,0
134064,e0889,eriophoros,a,aps---cn1g,eriophor eriophor eriophor,,,[ɛ.rɪ̣.'jɔ.pʰɔ.rɔs],eriophoros,0
134068,e0938,eruditorium,n,n-s---nn2-,eruditori,,,[ɛ.rʊ.d̪ɪ.'t̪ɔ.rɪ̣.jũː],eruditorium,0
134098,e1219,examurgo,v,v1spia--1-,examurg examurgau examurgat,,,[ɛk.sa.'mʊr.gɔ],examurgo,0
134103,e1380,excubicularius,n,n-s---mn2-,excubiculari,,,[ɛks.kʊ.bɪ.kʊ.'la.rɪ̣.jʊs],excubicularius,0
134114,e1569,expallio,v,v1spia--1-,expalli expalliau expalliat,,,[ɛks.'paɫ.lɪ̣.jɔ],expallio,0
138670,i1066,incontingens,a,aps---an3-,incontingent incontingent incontingent,,,[ɪŋ.kɔn̪.'t̪ɪŋ.geːn̪s],incontingens,0
138679,o0129,obmanens,a,aps---an3-,obmanent obmanent obmanent,,,['ɔ.bma.n̪eːn̪s],obmanens,0
138686,p3533,primas,a,aps---an3-,primat primat primat,,,['prɪ.mas],primas,0
138693,r9810,rostans,a,aps---an3-,rostant rostant rostant,,,['rɔs.t̪aːn̪s],rostans,0
139137,,ambi,r,rp--------,,,,,ambi,0
134200,f1042,frugiferatio,n,n-s---fn3-,frugiferation,,,[frʊ.gɪ.fɛ.'ra.t̪ɪ̣.jɔ],frugiferatio,0
134209,f1183,funeraticium,n,n-s---nn2-,funeratici,,,[fʊ.n̪ɛ.ra.'t̪ɪ.kɪ̣.jũː],funeraticium,0
134223,g0095,gassinnade,n,n-s---fn1g,gassinnad,,,[gas.'sɪn̪.n̪a.d̪ɛ],gassinnade,0
134233,g0224,geometrici,n,n-p---mn2-,geometric,,,[gɛ̣.jɔ.'mɛ.t̪rɪ.kɪ],geometrici,0
134245,g0448,gnarigatio,n,n-s---fn3-,gnarigation,,,[ŋn̪a.rɪ.'ga.t̪ɪ̣.jɔ],gnarigatio,0
134257,g0674,guturnium,n,n-s---nn2-,guturni,,,['gʷt̪ʊr.n̪ɪ̣.jũː],guturnium,0
134263,h0025,hadrobolos,a,aps---cn1g,hadrobol hadrobol hadrobol,,,[ha.'d̪rɔ.bɔ.lɔs],hadrobolos,0
134270,h0084,hamartigenia,n,n-s---fn1-,hamartigeni,,,[ha.mar.t̪ɪ.'gɛ.n̪ɪ̣.ja],hamartigenia,0
134279,h0179,hedyphagetica,n,n-p---nn2-,hedyphagetic,,,[hɛ.d̪y.pʰa.'gɛ.t̪ɪ.ka],hedyphagetica,0
134194,f0960,fremibundus,a,aps---mn1-,fremibund fremibund fremibund,,,[frɛ.mɪ.'bʊn̪.d̪ʊs],fremibundus,0
134827,o0125,obludio,v,v1spia--1-,obludi obludiau obludiat,,,[ɔ.'blʊ.d̪ɪ̣.jɔ],obludio,0
134453,i9921,introdo,v,v1spia--1-,introd introdau introdat,,,['ɪn̪.t̪rɔ.d̪ɔ],introdo,0
134467,i9850,irnela,n,n-s---fn1-,irnel,,,['ɪr.n̪ɛ.la],irnela,0
134472,i2869,irridiculus,a,aps---mn1-,irridicul irridicul irridicul,,,[ɪr.rɪ.'d̪ɪ.kʊ.lʊs],irridiculus,0
134486,i2941,isotheon,n,n-s---nn2g,isothe,,,[ɪ.'sɔ.t̪ʰɛ̣.jɔn̪],isotheon,0
134495,i2996,iudiciariae,n,n-p---fn1-,iudiciari,,,[jʊ.d̪ɪ.kɪ̣.'ja.rɪ̣.jaj],iudiciariae,0
134508,l0078,lactaria,n,n-p---nn2-,lactari,,,[lak.'t̪a.rɪ̣.ja],lactaria,0
134514,l0135,laganus,n,n-s---mn2-,lagan,,,['la.ga.n̪ʊs],laganus,0
134532,l0598,leuamentum,n,n-s---nn2-,leuament,,,[ɫewa.'mɛn̪.t̪ũː],lēuamentum,0
134570,l0847,linteamentum,n,n-s---nn2-,linteament,,,[lɪn̪.t̪ɛ̣.ja.'mɛn̪.t̪ũː],linteamentum,0
134579,l0998,lolleaceus,a,aps---mn1-,lolleace lolleace lolleace,,,['lɔɫ.lɛ̣.jakews],lolleaceus,0
134592,l1133,luculentaster,n,n-s---mn2r,luculentastr,,,[lʊ.kʊ.lɛn̪.'t̪as.t̪ɛr],luculentaster,0
134587,l1249,lutum,n,n-s---nn2-,lut,,,['lʊ.t̪ũː],lūtum,0
134613,m0138,maiestus,a,aps---mn1-,maiest maiest maiest,,,[maj.'jɛs.t̪ʊs],maiestus,0
134604,m0218,malum,n,n-s---nn2-,mal,,,['maː.ɫũː],mālum,0
134631,m9565,manipularius,n,n-s---mn2-,manipulari,,,[ma.n̪ɪ.pʊ.'la.rɪ̣.jʊs],manipularius,0
134724,m1172,modicillus,a,aps---mn1-,modicill modicill modicill,,,[mɔ.d̪ɪ.'kɪɫ.lʊs],modicillus,0
134905,o1105,ostentatorius,a,aps---mn1-,ostentatori ostentatori ostentatori,,,[ɔs.t̪ɛn̪.t̪a.'t̪ɔ.rɪ̣.jʊs],ostentatorius,0
135050,p1919,philotechinus,a,aps---mn1-,philotechin philotechin philotechin,,,[pʰɪ.lɔ.'t̪ɛ.kʰɪ.n̪ʊs],philotechinus,0
133503,a9942,anacreonticus,a,aps---mn1-,anacreontic anacreontic anacreontic,,,[a.n̪a.krɛ̣.'jɔ.n̪t̪ɪ.kʊs],anacreonticus,0
136565,d2159,domnifundus,a,aps---mn1-,domnifund domnifund domnifund,,,[d̪ɔm.n̪ɪ.'fʊn̪.d̪ʊs],domnifundus,0
134192,f0945,fratruelis,a,aps---cn3i,fratruel fratruel fratruel,,,[fra.'t̪rʊ.jɛ.lɪs],fratruelis,0
133639,b0194,baucalis,a,aps---cn3i,baucal baucal baucal,,,['baw.ka.lɪs],baucalis,0
136271,b9307,bibliotecalis,a,aps---cn3i,bibliotecal bibliotecal bibliotecal,,,[bɪ.blɪ̣.jɔ.'t̪ɛ.ka.lɪs],bibliotecalis,0
136482,c4695,cuppedenarius,a,aps---mn1-,cuppedenari cuppedenari cuppedenari,,,[kʊp.pɛ.d̪ɛ.'n̪a.rɪ̣.jʊs],cuppedenarius,0
136896,h0071,halleluiaticus,a,aps---mn1-,halleluiatic halleluiatic halleluiatic,,,[haɫ.lɛ.lʊj.'ja.t̪ɪ.kʊs],halleluiaticus,0
137095,i2816,irredibilis,a,aps---cn3i,irredibil irredibil irredibil,,,[ɪr.rɛ.'d̪ɪ.bɪ.lɪs],irredibilis,0
135608,t0565,theoractus,a,aps---mn1-,theoract theoract theoract,,,[t̪ʰɛ̣.jɔ.'rak.t̪ʊs],theoractus,0
135735,u0419,uerrucarius,a,aps---mn1-,uerrucari uerrucari uerrucari,,,[wɛr.rʊ.'ka.rɪ̣.jʊs],uerrucarius,0
136035,a0524,addensatio,n,n-s---fn3-,addensation,,,[ad̪.d̪eːn̪.'sa.t̪ɪ̣.jɔ],addensatio,0
137537,o1137,otalgicus,a,aps---mn1-,otalgic otalgic otalgic,,,[ɔ.'t̪aɫ.gɪ.kʊs],otalgicus,0
137738,p2511,polyphagus,a,aps---mn1-,polyphag polyphag polyphag,,,['pɔ.ly.pʰagʷs],polyphagus,0
137858,q0214,quinauicenarius,a,aps---mn1-,quinauicenari quinauicenari quinauicenari,,,[kʷɪ.n̪a.wɪ.kɛ.'n̪a.rɪ̣.jʊs],quinauicenarius,0
138159,s3431,sulpuratio,n,n-s---fn3-,sulpuration,,,[sʊɫ.pʊ.'ra.t̪ɪ̣.jɔ],sulpuratio,0
138703,s3659,superpatiens,a,aps---an3-,superpatient superpatient superpatient,,,[sʊ.pɛr.'pa.t̪ɪ̣.jeːn̪s],superpatiens,0
138709,$0166,bipartiens,a,aps---an3-,bipartient bipartient bipartient,,,[bɪ.'par.t̪ɪ̣.jeːn̪s],bipartiens,0
138730,i2719,inulciscor,v,v1spia--3-,inulcisc inult -,,,[ɪ.n̪ʊɫ.'kɪs.kɔr],inulciscor,0
138743,p1703,perualeo,v,v1spia--2-,perual perualu perualit,,,[pɛ.rʊ.'ja.lɛ̣.jɔ],perualeo,0
138696,s0123,sagittipotens,a,aps---an3-,sagittipotent sagittipotent sagittipotent,,,[sa.gɪt̪.'t̪ɪ.pɔ.t̪eːn̪s],sagittipotens,0
138757,s3067,subrodo,v,v1spia--3-,subrod subros subros,,,['sʊ.brɔ.d̪ɔ],subrodo,0
138764,s3660,superpendeo,v,v1spia--2-,superpend superpepend -,,,[sʊ.pɛr.'pɛn̪.d̪ɛ̣.jɔ],superpendeo,0
138723,i0706,inabscondo,v,v1spia--3-,inabscond inabscondu inabscondit,,,[ɪ.n̪aps.'kɔn̪.d̪ɔ],inabscondo,0
138655,c4620,cunctiparens,a,aps---an3-,cunctiparent cunctiparent cunctiparent,,,[kʊŋk.'t̪ɪ.pa.reːn̪s],cunctiparens,0
138722,e1595,experdo,v,v1spia--3-,experd experdid experdit,,,[ɛks.'pɛr.d̪ɔ],experdo,0
138733,p0873,peracuo,v,v1spia--3-,peracu peracu peracut,,,[pɛ.'ra.kʊ.jɔ],peracuo,0
138735,p1013,perdesino,v,v1spia--3-,perdesin perdesi perdesit,,,[pɛr.'d̪ɛ.sɪ.n̪ɔ],perdesino,0
138785,a1232,agricior,a,acs---cn3-,agric agric agric,,,[a.'grɪ.kɪ̣.jɔr],agricior,0
138794,c1709,circumcellio,n,n-s---mn3-,circumcellion,,,[kɪr.kʊm.'kɛɫ.lɪ̣.jɔ],circumcellio,0
138807,d0867,depropinquo,v,v1spia--1-,depropinqu depropinquau depropinquat,,,[d̪ɛ.'prɔ.pɪ.ŋkʷɔ],depropinquo,0
138825,h0670,hyaloidis,a,aps---cn3-,hyaloid hyaloid hyaloid,,,[hy.ja.'lɔ.jɪ.d̪ɪs],hyaloidis,0
138828,i1273,imperspicax,a,aps---an3-,imperspicac imperspicac imperspicac,,,[ɪm.'pɛrs.pɪ.kaks],imperspicax,0
138846,m9599,materfamilias,n,n-s---fn3-,materfamilimatrisfamili,,,[ma.t̪ɛr.fa.'mɪ.lɪ̣.jas],materfamilias,0
138852,m1321,monoides,a,aps---an3-,monoid monoid monoid,,,[mɔ.'n̪ɔ.jɪ.d̪ɛs],monoides,0
138858,n0219,nepenthes,n,n-s---nn3-,nepenth,,,[n̪ɛ.'pɛn̪.t̪ʰɛs],nepenthes,0
138805,d0378,defiteor,v,v1spid--2-,defit defess -,,,[d̪ɛ.'fɪ.t̪ɛ̣.jɔr],defiteor,0
138869,p1260,peripheres,a,aps---an3-,peripher peripher peripher,,,[pɛ.'rɪ.pʰɛ.rɛs],peripheres,0
138878,r1036,reconduco,v,v1spia--3-,reconduc dux duct,,,[rɛ.'kɔn̪.d̪ʊ.kɔ],reconduco,0
138884,s0434,satisfacio,v,v1spia--3i,satisfac fec fact,,,[sa.t̪ɪs.'fa.kɪ̣.jɔ],satisfacio,0
138888,s1706,simpludiareus,a,aps---mn1-,simpludiare simpludiare simpludiare,,,[sɪm.'plʊ.d̪ɪ̣.jarews],simpludiareus,0
138898,s3587,superincido,v,v1spia--3-,superincid - -,,,[sʊ.pɛ.'rɪŋ.kɪ.d̪ɔ],superincido,0
138904,t1006,transfluuialis,n,n-s---mn3-,transfluuial,,,[t̪raːn̪sf.lʊ.'jʊj.ja.lɪs],transfluuialis,0
138866,p0832,pentapetes,n,n-s---nn3-,pentapet,,,[pɛn̪.'t̪a.pɛ.t̪ɛs],pentapetes,0
138912,,campanicus,a,aps---mn1-,campanic campanic campanic,,,[kam.'pa.n̪ɪ.kʊs],campanicus,0
138918,,corycius,a,aps---mn1-,coryci coryci coryci,,,[kɔ.'ry.kɪ̣.jʊs],corycius,0
138933,,cottianus,a,aps---mn1-,cottian cottian cottian,,,[kɔt̪.'t̪ɪ̣.ja.n̪ʊs],cottianus,0
138938,,illurgauonensis,a,aps---cn3-,illurgauonens illurgauonens illurgauonens,,,[ɪɫ.lʊr.ga.wɔ.'n̪eːn̪.sɪs],illurgauonensis,0
138948,,sacranus,a,aps---mn1-,sacran sacran sacran,,,['sa.kra.n̪ʊs],sacranus,0
138954,,tarracinensis,a,aps---cn3-,tarracinens tarracinens tarracinens,,,[t̪ar.ra.kɪ.'n̪eːn̪.sɪs],tarracinensis,0
137654,p1478,perpetuabilis,a,aps---cn3i,perpetuabil perpetuabil perpetuabil,,,[pɛr.pɛ.t̪ʊ.'ja.bɪ.lɪs],perpetuabilis,0
137656,p1482,perpetuitus,a,aps---mn1-,perpetuit perpetuit perpetuit,,,[pɛr.pɛ.'t̪uj.t̪ʊs],perpetuitus,0
138965,,marruuius,a,aps---mn1-,marruui marruui marruui,,,[mar.rʊ.'jʊj.jʊs],marruuius,0
138804,d0189,decido,v,v1spia--3-,decid decis decis,,,['d̪ɛ.kɪ.d̪ɔ],decīdo,0
138972,,thessalus,a,aps---mn3-,annian annian annian,,,['t̪ʰɛs.sa.lʊs],thessalus,0
138985,,mattiacus,a,aps---mn1-,mattiac mattiac mattiac,,,[mat̪.'t̪ɪ̣.ja.kʊs],mattiacus,0
138991,,elysius,a,aps---mn1-,elysi elysi elysi,,,[ɛ.'ly.sɪ̣.jʊs],elysius,0
139003,,tiburtinus,a,aps---mn1-,tiburtin tiburtin tiburtin,,,[t̪ɪ.'bʊr.t̪ɪ.n̪ʊs],tiburtinus,0
139014,,numidus,a,aps---mn1-,numid numid numid,,,['n̪ʊ.mɪ.d̪ʊs],numidus,0
139019,,saturnius,a,aps---mn1-,saturni saturni saturni,,,[saː.'t̪ʊr.n̪ɪ̣.jʊs],saturnius,0
139023,,crotoniensis,a,aps---cn3-,crotoniens crotoniens crotoniens,,,[krɔ.t̪ɔ.n̪ɪ̣.'jeːn̪.sɪs],crotoniensis,0
139033,,collibet,v,v1spia--2-,collib bitum es -,,,['kɔɫ.lɪ.bɛt̪],collibet,0
139039,,prasinianus,a,aps---mn1-,prasinian prasinian prasinian,,,[pra.sɪ.n̪ɪ̣.'jaː.n̪ʊs],prasinianus,0
139045,,cyclopius,a,aps---mn1-,cyclopi cyclopi cyclopi,,,[ky.'klɔ.pɪ̣.jʊs],cyclopius,0
139053,,exoletus,a,aps---mn1-,exolet exolet exolet,,,[ɛk.'sɔ.lɛ.t̪ʊs],exoletus,0
139059,,exstructus,a,aps---mn1-,exstruct exstruct exstruct,,,['ɛkss.t̪rʊ.kt̪ʊs],exstructus,0
138976,,casinas,a,aps---an3-,casinat casinat casinat,,30188,['ka.sɪ.n̪as],casinas,0
138925,,commingo,v,v1spia--3-,comming minx mict,,30187,['kɔ.mmɪ.ŋgɔ],commingo,0
41378,41378,anthropomorphitus,a,aps---mn1-,anthropomorphit anthropomorphit anthropomorphit,,,[an̪.t̪ʰrɔ.pɔ.'mɔ.rpʰɪ.t̪ʊs],anthropomorphitus,0
39860,39860,cerycium,n,n-s---nn2-,ceryci,,,[kɛ.'ry.kɪ̣.jũː],cerycium,0
39982,39982,collacticius,a,aps---mn1-,collactici collactici collactici,,,[kɔɫ.lak.'t̪ɪ.kɪ̣.jʊs],collacticius,0
139156,f0889,fortis,a,aps---cn3i,fort fort fort,,,,fortis,0
33894,33894,ammordeo,v,v1spia--2-,ammord ammord ammors,,30198,[amˈmɔr.de.oː],ammordeo,0
139129,p2229,plaga,n,n-s---fn1-,plag,,,['pla.ga],plaga,1
29630,29630,adcelero,v,v1spia--1-,adceler adcelerau adcelerat,,30197,[adˈkɛ.ɫɛ.roː],adcelero,0
42330,42330,adtracto,v,v1spia--1-,adtract adtractau adtractat,,"30190,30191,30192",/atˈtrak.toː/,adtracto,0
139062,,teutonicus,a,aps---mn1-,teutonic teutonic teutonic,,,['t̪ewt̪ɔ.n̪ɪ.kʊs],teutonicus,0
139070,,hirpinus,a,aps---mn1-,hirpin hirpin hirpin,,,['hɪr.pɪ.n̪ʊs],hirpinus,0
139079,,brundisinus,a,aps---mn1-,brundisin brundisin brundisin,,,[brʊn̪.'d̪ɪ.sɪ.n̪ʊs],brundisinus,0
43836,a1022,aestimatorius,a,aps---mn1-,aestimatori aestimatori aestimatori,,,[ajs.t̪ɪ.ma.'t̪ɔ.rɪ̣.jʊs],aestimatorius,0
139084,,catonianus,a,aps---mn1-,catonian catonian catonian,,,[ka.t̪ɔ.'n̪ɪ̣.ja.n̪ʊs],catonianus,0
139094,,maurus,a,aps---mn1-,maur maur maur,,,['maw.rʊs],maurus,0
139100,,sergianus,a,aps---mn1-,sergian sergian sergian,,,[sɛr.'gɪ̣.ja.n̪ʊs],sergianus,0
24630,l0492,legitimus,a,aps---mn1-,legitim legitim legitim,,,[ɫeːˈɡɪ.tɪ.mʊs],legitimus,1
24860,m0112,magnanimus,a,aps---mn1-,magnanim magnanim magnanim,,,[maŋˈna.nɪ.mʊs],magnanimus,1
139115,,arcitenens,n,n-s---mn3-,arcitenent,,,[ar.'kɪ.t̪ɛ.n̪eːn̪s],arcitenens,0
26931,s0068,sacrilegus,a,aps---mn1-,sacrileg sacrileg sacrileg,,,[saˈkrɪ.ɫɛ.ɡʊs],sacrilegus,1
113421,i0771,inapertus,a,aps---mn1-,inapert inapert inapert,,,[ɪ.n̪a.'pɛr.t̪ʊs],inapertus,0
28684,a9990,accubitus,n,n-s---mn4-,accubit,,,[akˈkʊ.bɪ.tʊs],accubitus,0
30550,c1764,circumfulcio,v,v1spia--4-,circumfulc circumfuls circumfult,,,[kɪr.kʊm.'fʊɫ.kɪ̣.jɔ],circumfulcio,0
33279,a2116,antecantatiuus,a,aps---mn1-,antecantatiu antecantatiu antecantatiu,,,[an̪.t̪ɛ.kan̪.'t̪a.t̪ɪ.wʊs],antecantatiuus,0
139123,,pennipotentes,n,n-p---fn3-,pennipotent,,,[pɛn̪.n̪ɪ.pɔ.'t̪ɛn̪.t̪ɛs],pennipotentes,0
38897,c3562,consolatorius,a,aps---mn1-,consolatori consolatori consolatori,,,[kõː.soː.ɫaːˈtoː.ri.ʊs],consolatorius,0
39883,b9270,beneplaceo,v,v1spia--2-,beneplac beneplacu beneplacit,,,[bɛ.neːˈpɫa.ke.oː],beneplaceo,0
39871,c0886,cathedralicius,a,aps---mn1-,cathedralici cathedralici cathedralici,,,[ka.t̪ʰɛ.d̪ra.'lɪ.kɪ̣.jʊs],cathedralicius,0
139142,,Gnaeus,n,n-s---mn2-,Gnae,,30204,,Gnaeus,1
133463,a1312,Alce,n,n-s---fn1g,Alc,,,['aɫ.kɛ],Alce,1
23484,f0962,fremo,v,v1spia--3-,frem fremu fremit,,,[ˈfrɛ.moː],fremo,1
27687,t0399,terror,n,n-s---mn3-,terror,,,[ˈtɛr.rɔr],terror,1
139148,,Octauius,n,n-s---mn2-,Octaui,,30205,,Octauius,1
139151,,Sertor,n,n-s---mn3-,Sertor,,30206,,Sertor,1
26855,r0625,reuersio,n,n-s---fn3-,reuersion,,30196,['rewɛr.sɪ̣.jɔ],reuersio,1
139154,,Tiberius,n,n-s---mn2-,Tiberi,,30207,,Tiberius,1
138089,s7364,stannum,n,n-s---nn2-,stann,,30200,['st̪aŋ.n̪ũː],stannum,1
20397,b0241,bello,v,v1spia--1-,bell bellau bellat,,"30201,30202,30203",['bɛɫ.loː],bello,1
139149,,Opiter,n,n-s---mn3-,Opiter,,30193,,Opiter,1
139107,,peripateticus,n,n-s---mn2-,peripatetic,,,[pɛ.rɪ.pa.'t̪ɛ.t̪ɪ.kʊs],peripateticus,0
139135,,miniscor,v,v1spid--3-,minisc ment -,,,,mĭnīscor,1
23176,e1812,exsulto,v,v1spia--1-,exsult exsultau exsultat,,30194,[ɛkˈsʊɫ.toː],exsulto,1
132968,i0448,impascor,v,v1spid--3-,impasc  -,,30195,[ɪm.'pas.kɔr],impascor,0
35880,a0429,acrolithos,a,aps---mn1g,acrolith acrolith acrolith,,30199,[a.'krɔ.lɪ.t̪ʰɔs],acrolithos,0
138876,r1005,recido,v,v1spia--3-,recid recid recis,,,['rɛ.kɪ.d̪ɔ],recīdo,0
40498,a1101,afflicto,v,v1spia--1-,afflict afflictau afflictat,,30189,[aff.'lɪk.t̪ɔ],afflicto,0
139139,,Catilinarius,a,aps---mn1-,Catilinari Catilinari Catilinari,,,,Cătĭlīnārĭus,0
